Name,Department,Score,Grade
Kelechi Nnamdi,Mechanical Engineering,66,C
Uche Onyekwere,Electrical Engineering,68,C
Emeka Obi,Electrical Engineering,69,C
Yakubu Garba,Civil Engineering,71,B
David Okafor,Chemical Engineering,72,B
Ngozi Umeh,Computer Science,74,B
Obinna Ugwu,Mechanical Engineering,75,B
Amara Chukwu,Mechanical Engineering,77,B
Adaeze Okonkwo,Mechanical Engineering,78,B
Aisha Mohammed,Civil Engineering,80,B
Bashir Lawal,Mechanical Engineering,82,A
Halima Sani,Electrical Engineering,84,A
Chinedu Eze,Electrical Engineering,85,A
Precious Ike,Chemical Engineering,86,A
Chioma Nwankwo,Mechanical Engineering,88,A
Grace Umeadi,Computer Science,90,A
Tunde Adeyemi,Mechanical Engineering,91,A
Salamatu Bala,Civil Engineering,93,A
Segun Olawale,Computer Science,95,A
